{
  "n_samples": 161,
  "train_size": 128,
  "test_size": 33,
  "class_counts": {
    "1": 104,
    "0": 57
  },
  "class_counts_normalized": {
    "1": 0.6459627329192547,
    "0": 0.35403726708074534
  },
  "models": {
    "logistic_regression": {
      "status": "trained",
      "accuracy": 0.6363636363636364,
      "f1": 0.7391304347826086,
      "confusion_matrix": [
        [
          4,
          8
        ],
        [
          4,
          17
        ]
      ]
    },
    "random_forest": {
      "status": "trained",
      "accuracy": 0.7575757575757576,
      "f1": 0.7777777777777778,
      "confusion_matrix": [
        [
          11,
          1
        ],
        [
          7,
          14
        ]
      ],
      "feature_importance": {
        "age": 0.9770467731666603,
        "sex": 0.022953226833339672
      }
    },
    "gradient_boosting": {
      "status": "trained",
      "accuracy": 0.7575757575757576,
      "f1": 0.8,
      "confusion_matrix": [
        [
          9,
          3
        ],
        [
          5,
          16
        ]
      ],
      "feature_importance": {
        "age": 0.8885906140687805,
        "sex": 0.11140938593121953
      }
    },
    "xgboost": {
      "status": "trained",
      "accuracy": 0.7878787878787878,
      "f1": 0.8205128205128205,
      "confusion_matrix": [
        [
          10,
          2
        ],
        [
          5,
          16
        ]
      ],
      "feature_importance": {
        "age": 0.5435503125190735,
        "sex": 0.4564496874809265
      }
    }
  }
}